"","id","wave","dlpfc"
"1",1,0,-0.183918558586079
"2",1,1,1.12889842987637
"3",1,2,-0.840327052817303
"4",1,3,0.472489935645146
"5",2,0,0.800694182760758
"6",2,1,1.12889842987637
"7",2,2,0.800694182760758
"8",2,3,1.45710267692306
"9",3,0,0.472489935645146
"10",3,1,1.12889842987637
"11",3,2,0.144285688529533
"12",3,3,0.144285688529533
"13",4,0,0.472489935645146
"14",4,1,0.472489935645146
"15",4,2,0.472489935645146
"16",4,3,0.472489935645146
"17",5,0,-0.840327052817303
"18",5,1,2.11351117115428
"19",5,2,2.4417154182699
"20",5,3,2.4417154182699
"21",6,0,2.11351117115428
"22",6,1,1.45710267692306
"23",6,2,1.45710267692306
"24",6,3,0.144285688529533
"25",7,0,-0.183918558586079
"26",7,1,0.144285688529533
"27",7,2,1.45710267692306
"28",7,3,0.472489935645146
"29",8,0,-0.512122805701691
"30",8,1,-0.512122805701691
"31",8,2,-0.840327052817303
"32",8,3,1.12889842987637
"33",9,0,1.45710267692306
"34",9,1,1.12889842987637
"35",9,2,1.45710267692306
"36",9,3,2.4417154182699
"37",10,0,1.45710267692306
"38",10,1,1.12889842987637
"39",10,2,1.78530692403867
"40",10,3,0.472489935645146
"41",11,0,0.472489935645146
"42",11,1,0.472489935645146
"43",11,2,0.472489935645146
"44",11,3,1.12889842987637
"45",12,0,0.472489935645146
"46",12,1,-0.512122805701691
"47",12,2,-0.840327052817303
"48",12,3,-0.183918558586079
"49",13,0,0.144285688529533
"50",13,1,-0.840327052817303
"51",13,2,NA
"52",13,3,1.12889842987637
"53",14,0,1.12889842987637
"54",14,1,1.45710267692306
"55",14,2,2.11351117115428
"56",14,3,1.45710267692306
"57",15,0,1.12889842987637
"58",15,1,1.45710267692306
"59",15,2,0.144285688529533
"60",15,3,-0.183918558586079
"61",16,0,1.78530692403867
"62",16,1,1.45710267692306
"63",16,2,1.12889842987637
"64",16,3,2.11351117115428
"65",17,0,0.800694182760758
"66",17,1,0.472489935645146
"67",17,2,1.45710267692306
"68",17,3,1.45710267692306
"69",18,0,0.800694182760758
"70",18,1,0.144285688529533
"71",18,2,1.78530692403867
"72",18,3,0.800694182760758
"73",19,0,0.800694182760758
"74",19,1,1.12889842987637
"75",19,2,-0.183918558586079
"76",19,3,2.11351117115428
"77",20,0,-0.183918558586079
"78",20,1,-0.183918558586079
"79",20,2,-0.840327052817303
"80",20,3,1.12889842987637
"81",21,0,1.45710267692306
"82",21,1,1.12889842987637
"83",21,2,0.800694182760758
"84",21,3,3.09812391250112
"85",22,0,2.11351117115428
"86",22,1,0.472489935645146
"87",22,2,1.45710267692306
"88",22,3,1.78530692403867
"89",23,0,0.144285688529533
"90",23,1,-1.16853129993292
"91",23,2,0.800694182760758
"92",23,3,-0.183918558586079
"93",24,0,-1.82493979416414
"94",24,1,1.12889842987637
"95",24,2,NA
"96",24,3,NA
"97",25,0,0.800694182760758
"98",25,1,0.144285688529533
"99",25,2,-0.512122805701691
"100",25,3,-0.183918558586079
"101",26,0,0.800694182760758
"102",26,1,1.45710267692306
"103",26,2,2.11351117115428
"104",26,3,3.09812391250112
"105",27,0,-2.48134828832644
"106",27,1,-0.512122805701691
"107",27,2,-2.15314404121083
"108",27,3,-1.16853129993292
"109",28,0,-0.183918558586079
"110",28,1,-1.16853129993292
"111",28,2,0.472489935645146
"112",28,3,0.144285688529533
"113",29,0,1.78530692403867
"114",29,1,1.12889842987637
"115",29,2,0.472489935645146
"116",29,3,0.800694182760758
"117",30,0,-1.49673554704853
"118",30,1,2.4417154182699
"119",30,2,1.78530692403867
"120",30,3,0.472489935645146
"121",31,0,0.472489935645146
"122",31,1,-0.512122805701691
"123",31,2,0.800694182760758
"124",31,3,0.472489935645146
"125",32,0,-0.183918558586079
"126",32,1,0.144285688529533
"127",32,2,-0.183918558586079
"128",32,3,0.472489935645146
"129",33,0,2.4417154182699
"130",33,1,2.4417154182699
"131",33,2,2.11351117115428
"132",33,3,-0.183918558586079
"133",34,0,-1.16853129993292
"134",34,1,-0.840327052817303
"135",34,2,2.76991966538551
"136",34,3,1.78530692403867
"137",35,0,0.800694182760758
"138",35,1,0.472489935645146
"139",35,2,0.800694182760758
"140",35,3,0.800694182760758
"141",36,0,0.472489935645146
"142",36,1,0.800694182760758
"143",36,2,0.800694182760758
"144",36,3,1.12889842987637
"145",37,0,1.12889842987637
"146",37,1,1.12889842987637
"147",37,2,0.800694182760758
"148",37,3,1.45710267692306
"149",38,0,1.12889842987637
"150",38,1,1.78530692403867
"151",38,2,0.144285688529533
"152",38,3,0.800694182760758
"153",39,0,-0.840327052817303
"154",39,1,0.144285688529533
"155",39,2,-0.183918558586079
"156",39,3,-0.183918558586079
"157",40,0,0.144285688529533
"158",40,1,0.144285688529533
"159",40,2,0.472489935645146
"160",40,3,1.78530692403867
"161",41,0,2.4417154182699
"162",41,1,0.800694182760758
"163",41,2,0.800694182760758
"164",41,3,2.76991966538551
"165",42,0,0.472489935645146
"166",42,1,0.472489935645146
"167",42,2,0.472489935645146
"168",42,3,0.472489935645146
"169",43,0,-1.49673554704853
"170",43,1,-2.15314404121083
"171",43,2,0.472489935645146
"172",43,3,-0.183918558586079
"173",44,0,0.472489935645146
"174",44,1,0.472489935645146
"175",44,2,0.800694182760758
"176",44,3,0.800694182760758
"177",45,0,2.4417154182699
"178",45,1,3.09812391250112
"179",45,2,2.76991966538551
"180",45,3,3.09812391250112
"181",46,0,-0.840327052817303
"182",46,1,NA
"183",46,2,NA
"184",46,3,1.12889842987637
"185",47,0,0.144285688529533
"186",47,1,1.12889842987637
"187",47,2,-0.183918558586079
"188",47,3,0.472489935645146
"189",48,0,0.800694182760758
"190",48,1,1.45710267692306
"191",48,2,2.4417154182699
"192",48,3,1.45710267692306
"193",49,0,0.800694182760758
"194",49,1,2.4417154182699
"195",49,2,0.472489935645146
"196",49,3,1.45710267692306
"197",50,0,1.45710267692306
"198",50,1,2.4417154182699
"199",50,2,2.4417154182699
"200",50,3,1.78530692403867
"201",51,0,0.144285688529533
"202",51,1,-0.183918558586079
"203",51,2,-0.512122805701691
"204",51,3,2.11351117115428
"205",52,0,-1.16853129993292
"206",52,1,-0.840327052817303
"207",52,2,-0.512122805701691
"208",52,3,-0.512122805701691
"209",53,0,1.12889842987637
"210",53,1,0.144285688529533
"211",53,2,2.4417154182699
"212",53,3,2.4417154182699
"213",54,0,-0.183918558586079
"214",54,1,-1.82493979416414
"215",54,2,1.12889842987637
"216",54,3,1.12889842987637
"217",55,0,-0.183918558586079
"218",55,1,0.800694182760758
"219",55,2,0.144285688529533
"220",55,3,0.800694182760758
"221",56,0,-1.16853129993292
"222",56,1,-0.183918558586079
"223",56,2,1.78530692403867
"224",56,3,1.12889842987637
"225",57,0,0.144285688529533
"226",57,1,0.144285688529533
"227",57,2,0.144285688529533
"228",57,3,0.144285688529533
"229",58,0,-0.512122805701691
"230",58,1,0.800694182760758
"231",58,2,1.12889842987637
"232",58,3,1.12889842987637
"233",59,0,0.800694182760758
"234",59,1,1.45710267692306
"235",59,2,0.144285688529533
"236",59,3,1.45710267692306
"237",60,0,1.78530692403867
"238",60,1,0.800694182760758
"239",60,2,1.45710267692306
"240",60,3,1.12889842987637
"241",61,0,0.472489935645146
"242",61,1,0.800694182760758
"243",61,2,0.144285688529533
"244",61,3,1.45710267692306
"245",62,0,-0.512122805701691
"246",62,1,0.144285688529533
"247",62,2,-0.840327052817303
"248",62,3,-0.840327052817303
"249",63,0,1.78530692403867
"250",63,1,0.800694182760758
"251",63,2,1.12889842987637
"252",63,3,0.800694182760758
"253",64,0,1.12889842987637
"254",64,1,0.472489935645146
"255",64,2,0.472489935645146
"256",64,3,0.472489935645146
"257",65,0,0.800694182760758
"258",65,1,-0.840327052817303
"259",65,2,1.12889842987637
"260",65,3,2.76991966538551
"261",66,0,0.144285688529533
"262",66,1,-0.183918558586079
"263",66,2,0.800694182760758
"264",66,3,0.472489935645146
"265",67,0,-0.183918558586079
"266",67,1,-1.16853129993292
"267",67,2,-1.49673554704853
"268",67,3,0.144285688529533
"269",68,0,0.472489935645146
"270",68,1,0.800694182760758
"271",68,2,1.12889842987637
"272",68,3,0.800694182760758
"273",69,0,0.144285688529533
"274",69,1,0.144285688529533
"275",69,2,0.472489935645146
"276",69,3,-0.512122805701691
"277",70,0,2.11351117115428
"278",70,1,-0.183918558586079
"279",70,2,1.78530692403867
"280",70,3,1.78530692403867
"281",71,0,1.45710267692306
"282",71,1,1.78530692403867
"283",71,2,2.76991966538551
"284",71,3,1.45710267692306
"285",72,0,1.12889842987637
"286",72,1,1.45710267692306
"287",72,2,1.12889842987637
"288",72,3,2.11351117115428
"289",73,0,1.45710267692306
"290",73,1,NA
"291",73,2,NA
"292",73,3,NA
"293",74,0,-0.512122805701691
"294",74,1,0.800694182760758
"295",74,2,NA
"296",74,3,-0.840327052817303
"297",75,0,-0.840327052817303
"298",75,1,-0.512122805701691
"299",75,2,-0.183918558586079
"300",75,3,-0.183918558586079
"301",76,0,0.800694182760758
"302",76,1,0.472489935645146
"303",76,2,0.472489935645146
"304",76,3,1.45710267692306
"305",77,0,-0.512122805701691
"306",77,1,-0.840327052817303
"307",77,2,-1.82493979416414
"308",77,3,0.144285688529533
"309",78,0,-0.840327052817303
"310",78,1,-0.512122805701691
"311",78,2,-0.512122805701691
"312",78,3,0.144285688529533
"313",79,0,0.800694182760758
"314",79,1,0.472489935645146
"315",79,2,-0.840327052817303
"316",79,3,0.144285688529533
"317",80,0,0.800694182760758
"318",80,1,0.800694182760758
"319",80,2,0.472489935645146
"320",80,3,0.800694182760758
"321",81,0,0.800694182760758
"322",81,1,1.12889842987637
"323",81,2,1.12889842987637
"324",81,3,0.800694182760758
"325",82,0,0.800694182760758
"326",82,1,0.472489935645146
"327",82,2,1.12889842987637
"328",82,3,0.472489935645146
"329",83,0,0.472489935645146
"330",83,1,-0.183918558586079
"331",83,2,-0.512122805701691
"332",83,3,0.144285688529533
"333",84,0,0.144285688529533
"334",84,1,0.144285688529533
"335",84,2,NA
"336",84,3,1.78530692403867
"337",85,0,1.12889842987637
"338",85,1,1.12889842987637
"339",85,2,2.11351117115428
"340",85,3,3.09812391250112
"341",86,0,-0.512122805701691
"342",86,1,1.12889842987637
"343",86,2,-0.183918558586079
"344",86,3,1.45710267692306
"345",87,0,1.12889842987637
"346",87,1,1.12889842987637
"347",87,2,0.800694182760758
"348",87,3,0.144285688529533
"349",88,0,0.472489935645146
"350",88,1,1.78530692403867
"351",88,2,0.472489935645146
"352",88,3,1.12889842987637
"353",89,0,1.12889842987637
"354",89,1,1.78530692403867
"355",89,2,1.12889842987637
"356",89,3,1.45710267692306
"357",90,0,0.800694182760758
"358",90,1,0.800694182760758
"359",90,2,0.800694182760758
"360",90,3,0.800694182760758
"361",91,0,0.472489935645146
"362",91,1,0.472489935645146
"363",91,2,0.144285688529533
"364",91,3,1.78530692403867
"365",92,0,-0.183918558586079
"366",92,1,-0.840327052817303
"367",92,2,1.12889842987637
"368",92,3,0.144285688529533
"369",93,0,0.472489935645146
"370",93,1,1.12889842987637
"371",93,2,1.12889842987637
"372",93,3,2.11351117115428
"373",94,0,1.12889842987637
"374",94,1,-0.183918558586079
"375",94,2,0.800694182760758
"376",94,3,0.800694182760758
"377",95,0,0.472489935645146
"378",95,1,-0.183918558586079
"379",95,2,-0.840327052817303
"380",95,3,-0.183918558586079
"381",96,0,0.800694182760758
"382",96,1,1.45710267692306
"383",96,2,NA
"384",96,3,NA
"385",97,0,1.12889842987637
"386",97,1,1.12889842987637
"387",97,2,0.472489935645146
"388",97,3,1.12889842987637
"389",98,0,0.472489935645146
"390",98,1,0.144285688529533
"391",98,2,0.144285688529533
"392",98,3,2.4417154182699
"393",99,0,0.472489935645146
"394",99,1,1.45710267692306
"395",99,2,1.12889842987637
"396",99,3,0.800694182760758
"397",100,0,0.800694182760758
"398",100,1,0.472489935645146
"399",100,2,-1.16853129993292
"400",100,3,0.800694182760758
"401",101,0,0.800694182760758
"402",101,1,-0.512122805701691
"403",101,2,-1.16853129993292
"404",101,3,-0.183918558586079
"405",102,0,-0.512122805701691
"406",102,1,-0.512122805701691
"407",102,2,NA
"408",102,3,NA
"409",103,0,0.472489935645146
"410",103,1,0.472489935645146
"411",103,2,1.12889842987637
"412",103,3,0.800694182760758
"413",104,0,1.45710267692306
"414",104,1,1.12889842987637
"415",104,2,-1.49673554704853
"416",104,3,0.800694182760758
"417",105,0,1.12889842987637
"418",105,1,0.800694182760758
"419",105,2,1.12889842987637
"420",105,3,1.12889842987637
"421",106,0,0.144285688529533
"422",106,1,-0.840327052817303
"423",106,2,NA
"424",106,3,NA
"425",107,0,-0.183918558586079
"426",107,1,0.144285688529533
"427",107,2,1.12889842987637
"428",107,3,0.800694182760758
"429",108,0,0.800694182760758
"430",108,1,0.472489935645146
"431",108,2,0.800694182760758
"432",108,3,0.800694182760758
"433",109,0,0.472489935645146
"434",109,1,2.11351117115428
"435",109,2,1.12889842987637
"436",109,3,1.12889842987637
"437",110,0,0.144285688529533
"438",110,1,0.144285688529533
"439",110,2,0.800694182760758
"440",110,3,-0.512122805701691
"441",111,0,2.11351117115428
"442",111,1,2.11351117115428
"443",111,2,1.12889842987637
"444",111,3,1.78530692403867
"445",112,0,0.144285688529533
"446",112,1,-0.183918558586079
"447",112,2,1.78530692403867
"448",112,3,NA
"449",113,0,1.12889842987637
"450",113,1,NA
"451",113,2,0.472489935645146
"452",113,3,1.12889842987637
"453",114,0,-1.16853129993292
"454",114,1,-1.49673554704853
"455",114,2,0.472489935645146
"456",114,3,2.11351117115428
"457",115,0,-0.512122805701691
"458",115,1,1.12889842987637
"459",115,2,0.472489935645146
"460",115,3,-0.512122805701691
"461",116,0,0.144285688529533
"462",116,1,0.472489935645146
"463",116,2,1.78530692403867
"464",116,3,1.78530692403867
"465",117,0,1.12889842987637
"466",117,1,1.45710267692306
"467",117,2,0.472489935645146
"468",117,3,0.800694182760758
"469",118,0,0.472489935645146
"470",118,1,NA
"471",118,2,-0.183918558586079
"472",118,3,-1.16853129993292
"473",119,0,0.472489935645146
"474",119,1,-0.840327052817303
"475",119,2,0.800694182760758
"476",119,3,0.144285688529533
"477",120,0,0.472489935645146
"478",120,1,0.472489935645146
"479",120,2,1.45710267692306
"480",120,3,0.800694182760758
"481",121,0,0.144285688529533
"482",121,1,0.800694182760758
"483",121,2,0.472489935645146
"484",121,3,0.472489935645146
"485",122,0,-1.49673554704853
"486",122,1,-1.82493979416414
"487",122,2,-1.82493979416414
"488",122,3,-2.80955253544205
"489",123,0,0.472489935645146
"490",123,1,1.12889842987637
"491",123,2,0.800694182760758
"492",123,3,2.11351117115428
"493",124,0,0.800694182760758
"494",124,1,0.472489935645146
"495",124,2,2.4417154182699
"496",124,3,1.12889842987637
"497",125,0,0.144285688529533
"498",125,1,0.144285688529533
"499",125,2,1.12889842987637
"500",125,3,1.45710267692306
"501",126,0,-0.840327052817303
"502",126,1,-1.49673554704853
"503",126,2,-0.840327052817303
"504",126,3,-0.840327052817303
"505",127,0,1.12889842987637
"506",127,1,-0.840327052817303
"507",127,2,NA
"508",127,3,-0.512122805701691
"509",128,0,0.800694182760758
"510",128,1,2.4417154182699
"511",128,2,1.45710267692306
"512",128,3,1.12889842987637
"513",129,0,0.800694182760758
"514",129,1,0.144285688529533
"515",129,2,0.800694182760758
"516",129,3,0.144285688529533
"517",130,0,1.78530692403867
"518",130,1,2.11351117115428
"519",130,2,3.09812391250112
"520",130,3,1.78530692403867
"521",131,0,0.472489935645146
"522",131,1,0.472489935645146
"523",131,2,0.800694182760758
"524",131,3,1.45710267692306
"525",132,0,0.144285688529533
"526",132,1,0.800694182760758
"527",132,2,1.45710267692306
"528",132,3,0.800694182760758
"529",133,0,-0.512122805701691
"530",133,1,-0.512122805701691
"531",133,2,0.144285688529533
"532",133,3,2.11351117115428
"533",134,0,-0.512122805701691
"534",134,1,-0.183918558586079
"535",134,2,1.45710267692306
"536",134,3,-0.512122805701691
"537",135,0,0.472489935645146
"538",135,1,NA
"539",135,2,3.09812391250112
"540",135,3,0.472489935645146
"541",136,0,-0.512122805701691
"542",136,1,0.144285688529533
"543",136,2,0.800694182760758
"544",136,3,0.800694182760758
"545",137,0,0.800694182760758
"546",137,1,0.800694182760758
"547",137,2,0.472489935645146
"548",137,3,0.472489935645146
"549",138,0,-0.183918558586079
"550",138,1,2.11351117115428
"551",138,2,1.12889842987637
"552",138,3,1.45710267692306
"553",139,0,0.800694182760758
"554",139,1,1.45710267692306
"555",139,2,1.12889842987637
"556",139,3,0.144285688529533
"557",140,0,0.472489935645146
"558",140,1,-1.16853129993292
"559",140,2,0.800694182760758
"560",140,3,-0.183918558586079
"561",141,0,1.12889842987637
"562",141,1,NA
"563",141,2,NA
"564",141,3,2.4417154182699
"565",142,0,2.4417154182699
"566",142,1,1.12889842987637
"567",142,2,2.76991966538551
"568",142,3,3.09812391250112
"569",143,0,3.09812391250112
"570",143,1,3.09812391250112
"571",143,2,1.78530692403867
"572",143,3,0.472489935645146
"573",144,0,0.144285688529533
"574",144,1,0.472489935645146
"575",144,2,1.45710267692306
"576",144,3,0.800694182760758
"577",145,0,3.09812391250112
"578",145,1,NA
"579",145,2,3.09812391250112
"580",145,3,1.45710267692306
"581",146,0,-0.840327052817303
"582",146,1,-0.183918558586079
"583",146,2,0.800694182760758
"584",146,3,2.4417154182699
"585",147,0,0.472489935645146
"586",147,1,1.45710267692306
"587",147,2,0.472489935645146
"588",147,3,0.472489935645146
"589",148,0,0.472489935645146
"590",148,1,1.12889842987637
"591",148,2,0.472489935645146
"592",148,3,0.144285688529533
"593",149,0,1.45710267692306
"594",149,1,3.09812391250112
"595",149,2,3.09812391250112
"596",149,3,3.09812391250112
"597",150,0,1.45710267692306
"598",150,1,2.76991966538551
"599",150,2,0.144285688529533
"600",150,3,1.45710267692306
"601",151,0,0.144285688529533
"602",151,1,-0.183918558586079
"603",151,2,1.12889842987637
"604",151,3,0.472489935645146
"605",152,0,0.800694182760758
"606",152,1,-1.16853129993292
"607",152,2,1.12889842987637
"608",152,3,-1.16853129993292
"609",153,0,0.472489935645146
"610",153,1,0.144285688529533
"611",153,2,0.144285688529533
"612",153,3,0.800694182760758
"613",154,0,0.144285688529533
"614",154,1,-0.183918558586079
"615",154,2,0.144285688529533
"616",154,3,0.800694182760758
"617",155,0,0.472489935645146
"618",155,1,0.472489935645146
"619",155,2,0.144285688529533
"620",155,3,1.78530692403867
"621",156,0,-0.183918558586079
"622",156,1,0.800694182760758
"623",156,2,-0.840327052817303
"624",156,3,0.800694182760758
"625",157,0,-1.49673554704853
"626",157,1,1.45710267692306
"627",157,2,-1.16853129993292
"628",157,3,-1.16853129993292
"629",158,0,0.800694182760758
"630",158,1,3.09812391250112
"631",158,2,0.800694182760758
"632",158,3,0.800694182760758
"633",159,0,-0.512122805701691
"634",159,1,0.472489935645146
"635",159,2,0.800694182760758
"636",159,3,0.472489935645146
"637",160,0,1.78530692403867
"638",160,1,0.800694182760758
"639",160,2,1.12889842987637
"640",160,3,0.800694182760758
"641",161,0,0.800694182760758
"642",161,1,1.12889842987637
"643",161,2,0.800694182760758
"644",161,3,1.12889842987637
"645",162,0,0.800694182760758
"646",162,1,0.472489935645146
"647",162,2,0.472489935645146
"648",162,3,0.472489935645146
"649",163,0,3.09812391250112
"650",163,1,2.11351117115428
"651",163,2,2.11351117115428
"652",163,3,0.144285688529533
"653",164,0,0.472489935645146
"654",164,1,0.800694182760758
"655",164,2,-0.840327052817303
"656",164,3,NA
"657",165,0,-0.512122805701691
"658",165,1,-0.840327052817303
"659",165,2,0.472489935645146
"660",165,3,-1.16853129993292
"661",166,0,1.12889842987637
"662",166,1,3.09812391250112
"663",166,2,3.09812391250112
"664",166,3,2.76991966538551
"665",167,0,-1.82493979416414
"666",167,1,0.800694182760758
"667",167,2,1.45710267692306
"668",167,3,1.78530692403867
"669",168,0,2.4417154182699
"670",168,1,0.800694182760758
"671",168,2,NA
"672",168,3,1.12889842987637
"673",169,0,1.78530692403867
"674",169,1,1.78530692403867
"675",169,2,3.09812391250112
"676",169,3,2.4417154182699
"677",170,0,1.12889842987637
"678",170,1,1.12889842987637
"679",170,2,1.12889842987637
"680",170,3,2.76991966538551
"681",171,0,2.11351117115428
"682",171,1,1.78530692403867
"683",171,2,1.12889842987637
"684",171,3,0.472489935645146
"685",172,0,0.800694182760758
"686",172,1,0.800694182760758
"687",172,2,1.12889842987637
"688",172,3,1.12889842987637
"689",173,0,1.78530692403867
"690",173,1,1.78530692403867
"691",173,2,0.472489935645146
"692",173,3,0.472489935645146
"693",174,0,0.144285688529533
"694",174,1,0.144285688529533
"695",174,2,1.12889842987637
"696",174,3,0.144285688529533
"697",175,0,0.800694182760758
"698",175,1,1.12889842987637
"699",175,2,1.45710267692306
"700",175,3,1.78530692403867
"701",176,0,0.144285688529533
"702",176,1,0.800694182760758
"703",176,2,1.78530692403867
"704",176,3,1.12889842987637
"705",177,0,3.09812391250112
"706",177,1,2.11351117115428
"707",177,2,1.12889842987637
"708",177,3,1.45710267692306
"709",178,0,0.800694182760758
"710",178,1,NA
"711",178,2,NA
"712",178,3,-0.183918558586079
"713",179,0,0.800694182760758
"714",179,1,0.800694182760758
"715",179,2,0.800694182760758
"716",179,3,1.45710267692306
"717",180,0,2.11351117115428
"718",180,1,2.11351117115428
"719",180,2,2.76991966538551
"720",180,3,3.09812391250112
"721",181,0,-0.512122805701691
"722",181,1,0.800694182760758
"723",181,2,1.78530692403867
"724",181,3,NA
"725",182,0,1.12889842987637
"726",182,1,3.09812391250112
"727",182,2,3.09812391250112
"728",182,3,3.09812391250112
"729",183,0,1.45710267692306
"730",183,1,1.12889842987637
"731",183,2,0.472489935645146
"732",183,3,1.78530692403867
"733",184,0,2.11351117115428
"734",184,1,2.76991966538551
"735",184,2,0.144285688529533
"736",184,3,2.76991966538551
"737",185,0,-0.183918558586079
"738",185,1,-0.183918558586079
"739",185,2,1.45710267692306
"740",185,3,-0.183918558586079
"741",186,0,-0.840327052817303
"742",186,1,-2.48134828832644
"743",186,2,NA
"744",186,3,NA
"745",187,0,0.144285688529533
"746",187,1,0.472489935645146
"747",187,2,0.472489935645146
"748",187,3,-0.840327052817303
"749",188,0,-0.512122805701691
"750",188,1,-0.840327052817303
"751",188,2,-0.840327052817303
"752",188,3,-0.512122805701691
"753",189,0,-0.840327052817303
"754",189,1,0.144285688529533
"755",189,2,NA
"756",189,3,NA
"757",190,0,0.800694182760758
"758",190,1,0.472489935645146
"759",190,2,-0.183918558586079
"760",190,3,1.12889842987637
"761",191,0,2.4417154182699
"762",191,1,1.45710267692306
"763",191,2,2.76991966538551
"764",191,3,3.09812391250112
"765",192,0,-1.49673554704853
"766",192,1,-1.49673554704853
"767",192,2,0.144285688529533
"768",192,3,0.800694182760758
"769",193,0,-0.183918558586079
"770",193,1,-0.512122805701691
"771",193,2,0.144285688529533
"772",193,3,-0.183918558586079
"773",194,0,0.800694182760758
"774",194,1,0.800694182760758
"775",194,2,NA
"776",194,3,-0.512122805701691
"777",195,0,-1.49673554704853
"778",195,1,-2.48134828832644
"779",195,2,0.472489935645146
"780",195,3,0.800694182760758
"781",196,0,0.144285688529533
"782",196,1,0.800694182760758
"783",196,2,2.76991966538551
"784",196,3,1.12889842987637
"785",197,0,0.144285688529533
"786",197,1,NA
"787",197,2,NA
"788",197,3,NA
"789",198,0,-1.16853129993292
"790",198,1,0.144285688529533
"791",198,2,1.45710267692306
"792",198,3,0.144285688529533
"793",199,0,0.144285688529533
"794",199,1,0.800694182760758
"795",199,2,0.800694182760758
"796",199,3,0.472489935645146
"797",200,0,0.800694182760758
"798",200,1,0.800694182760758
"799",200,2,0.472489935645146
"800",200,3,0.800694182760758
"801",201,0,0.472489935645146
"802",201,1,1.12889842987637
"803",201,2,0.144285688529533
"804",201,3,1.12889842987637
"805",202,0,-1.82493979416414
"806",202,1,-0.840327052817303
"807",202,2,-2.48134828832644
"808",202,3,1.45710267692306
"809",203,0,1.45710267692306
"810",203,1,1.12889842987637
"811",203,2,1.12889842987637
"812",203,3,3.09812391250112
"813",204,0,-0.512122805701691
"814",204,1,0.144285688529533
"815",204,2,-0.183918558586079
"816",204,3,0.144285688529533
"817",205,0,0.472489935645146
"818",205,1,-0.183918558586079
"819",205,2,0.144285688529533
"820",205,3,0.472489935645146
"821",206,0,0.800694182760758
"822",206,1,1.78530692403867
"823",206,2,2.76991966538551
"824",206,3,3.09812391250112
"825",207,0,1.12889842987637
"826",207,1,1.12889842987637
"827",207,2,1.78530692403867
"828",207,3,1.78530692403867
"829",208,0,1.12889842987637
"830",208,1,1.12889842987637
"831",208,2,0.800694182760758
"832",208,3,1.12889842987637
"833",209,0,-0.512122805701691
"834",209,1,1.12889842987637
"835",209,2,0.800694182760758
"836",209,3,2.11351117115428
"837",210,0,-0.840327052817303
"838",210,1,-1.49673554704853
"839",210,2,-1.16853129993292
"840",210,3,NA
"841",211,0,-0.512122805701691
"842",211,1,1.78530692403867
"843",211,2,1.78530692403867
"844",211,3,2.76991966538551
"845",212,0,0.800694182760758
"846",212,1,0.800694182760758
"847",212,2,1.45710267692306
"848",212,3,2.11351117115428
"849",213,0,0.472489935645146
"850",213,1,0.472489935645146
"851",213,2,0.144285688529533
"852",213,3,0.472489935645146
"853",214,0,0.800694182760758
"854",214,1,1.45710267692306
"855",214,2,0.800694182760758
"856",214,3,1.78530692403867
"857",215,0,2.4417154182699
"858",215,1,NA
"859",215,2,0.800694182760758
"860",215,3,NA
"861",216,0,0.144285688529533
"862",216,1,0.800694182760758
"863",216,2,0.472489935645146
"864",216,3,0.472489935645146
"865",217,0,1.78530692403867
"866",217,1,NA
"867",217,2,0.144285688529533
"868",217,3,1.45710267692306
"869",218,0,0.144285688529533
"870",218,1,1.78530692403867
"871",218,2,0.800694182760758
"872",218,3,0.472489935645146
"873",219,0,2.4417154182699
"874",219,1,1.78530692403867
"875",219,2,2.76991966538551
"876",219,3,NA
"877",220,0,0.800694182760758
"878",220,1,1.78530692403867
"879",220,2,2.11351117115428
"880",220,3,1.45710267692306
"881",221,0,2.4417154182699
"882",221,1,3.09812391250112
"883",221,2,2.76991966538551
"884",221,3,1.78530692403867
"885",222,0,-1.16853129993292
"886",222,1,NA
"887",222,2,-0.512122805701691
"888",222,3,NA
"889",223,0,1.78530692403867
"890",223,1,NA
"891",223,2,3.09812391250112
"892",223,3,2.76991966538551
"893",224,0,1.78530692403867
"894",224,1,3.09812391250112
"895",224,2,NA
"896",224,3,NA
"897",225,0,-0.840327052817303
"898",225,1,-0.183918558586079
"899",225,2,0.472489935645146
"900",225,3,0.144285688529533
"901",226,0,1.78530692403867
"902",226,1,0.472489935645146
"903",226,2,2.11351117115428
"904",226,3,0.800694182760758
"905",227,0,-0.512122805701691
"906",227,1,-1.16853129993292
"907",227,2,-0.840327052817303
"908",227,3,0.144285688529533
"909",228,0,1.12889842987637
"910",228,1,0.800694182760758
"911",228,2,-0.512122805701691
"912",228,3,-1.16853129993292
"913",229,0,-0.183918558586079
"914",229,1,-0.840327052817303
"915",229,2,0.144285688529533
"916",229,3,-0.512122805701691
"917",230,0,-0.183918558586079
"918",230,1,0.472489935645146
"919",230,2,0.800694182760758
"920",230,3,0.472489935645146
"921",231,0,0.800694182760758
"922",231,1,0.144285688529533
"923",231,2,-0.512122805701691
"924",231,3,1.12889842987637
"925",232,0,0.800694182760758
"926",232,1,0.800694182760758
"927",232,2,0.472489935645146
"928",232,3,0.800694182760758
"929",233,0,-0.840327052817303
"930",233,1,-0.840327052817303
"931",233,2,1.12889842987637
"932",233,3,1.45710267692306
"933",234,0,2.76991966538551
"934",234,1,2.4417154182699
"935",234,2,1.78530692403867
"936",234,3,1.12889842987637
"937",235,0,-0.512122805701691
"938",235,1,-1.49673554704853
"939",235,2,-1.16853129993292
"940",235,3,-0.512122805701691
"941",236,0,1.45710267692306
"942",236,1,1.12889842987637
"943",236,2,1.12889842987637
"944",236,3,-1.16853129993292
"945",237,0,1.12889842987637
"946",237,1,0.144285688529533
"947",237,2,-0.512122805701691
"948",237,3,0.472489935645146
"949",238,0,2.11351117115428
"950",238,1,1.12889842987637
"951",238,2,2.11351117115428
"952",238,3,1.12889842987637
"953",239,0,0.144285688529533
"954",239,1,NA
"955",239,2,2.11351117115428
"956",239,3,2.4417154182699
"957",240,0,2.4417154182699
"958",240,1,1.45710267692306
"959",240,2,0.472489935645146
"960",240,3,0.472489935645146
"961",241,0,0.800694182760758
"962",241,1,0.144285688529533
"963",241,2,0.472489935645146
"964",241,3,0.800694182760758
"965",242,0,0.144285688529533
"966",242,1,-0.183918558586079
"967",242,2,-0.512122805701691
"968",242,3,-0.512122805701691
"969",243,0,0.800694182760758
"970",243,1,-0.840327052817303
"971",243,2,1.45710267692306
"972",243,3,3.09812391250112
"973",244,0,3.09812391250112
"974",244,1,3.09812391250112
"975",244,2,0.800694182760758
"976",244,3,1.45710267692306
"977",245,0,-0.183918558586079
"978",245,1,1.12889842987637
"979",245,2,-0.183918558586079
"980",245,3,0.144285688529533
"981",246,0,3.09812391250112
"982",246,1,1.78530692403867
"983",246,2,2.76991966538551
"984",246,3,2.4417154182699
"985",247,0,1.12889842987637
"986",247,1,0.800694182760758
"987",247,2,0.144285688529533
"988",247,3,0.472489935645146
"989",248,0,-0.512122805701691
"990",248,1,0.472489935645146
"991",248,2,-0.840327052817303
"992",248,3,0.800694182760758
"993",249,0,-0.183918558586079
"994",249,1,-1.16853129993292
"995",249,2,NA
"996",249,3,-0.840327052817303
"997",250,0,-0.840327052817303
"998",250,1,-0.183918558586079
"999",250,2,0.472489935645146
"1000",250,3,0.472489935645146
"1001",251,0,-0.183918558586079
"1002",251,1,-0.183918558586079
"1003",251,2,2.11351117115428
"1004",251,3,0.800694182760758
"1005",252,0,-1.49673554704853
"1006",252,1,-0.183918558586079
"1007",252,2,-1.16853129993292
"1008",252,3,NA
"1009",253,0,2.11351117115428
"1010",253,1,2.11351117115428
"1011",253,2,1.78530692403867
"1012",253,3,1.12889842987637
"1013",254,0,1.45710267692306
"1014",254,1,1.12889842987637
"1015",254,2,1.78530692403867
"1016",254,3,2.11351117115428
"1017",255,0,0.144285688529533
"1018",255,1,-0.183918558586079
"1019",255,2,0.472489935645146
"1020",255,3,0.144285688529533
"1021",256,0,0.472489935645146
"1022",256,1,0.144285688529533
"1023",256,2,NA
"1024",256,3,NA
"1025",257,0,1.12889842987637
"1026",257,1,2.76991966538551
"1027",257,2,2.76991966538551
"1028",257,3,2.4417154182699
"1029",258,0,-0.183918558586079
"1030",258,1,0.472489935645146
"1031",258,2,-0.512122805701691
"1032",258,3,0.144285688529533
"1033",259,0,0.144285688529533
"1034",259,1,1.12889842987637
"1035",259,2,0.144285688529533
"1036",259,3,-0.512122805701691
"1037",260,0,0.472489935645146
"1038",260,1,1.78530692403867
"1039",260,2,1.12889842987637
"1040",260,3,1.12889842987637
"1041",261,0,-0.512122805701691
"1042",261,1,-0.183918558586079
"1043",261,2,-1.49673554704853
"1044",261,3,0.144285688529533
"1045",262,0,-1.49673554704853
"1046",262,1,0.144285688529533
"1047",262,2,-0.183918558586079
"1048",262,3,-0.840327052817303
"1049",263,0,0.472489935645146
"1050",263,1,2.11351117115428
"1051",263,2,2.4417154182699
"1052",263,3,2.76991966538551
"1053",264,0,0.144285688529533
"1054",264,1,0.800694182760758
"1055",264,2,1.45710267692306
"1056",264,3,2.4417154182699
"1057",265,0,1.12889842987637
"1058",265,1,1.45710267692306
"1059",265,2,0.472489935645146
"1060",265,3,0.472489935645146
"1061",266,0,0.144285688529533
"1062",266,1,0.800694182760758
"1063",266,2,0.472489935645146
"1064",266,3,2.76991966538551
"1065",267,0,-0.183918558586079
"1066",267,1,-0.183918558586079
"1067",267,2,0.472489935645146
"1068",267,3,2.76991966538551
"1069",268,0,1.12889842987637
"1070",268,1,0.472489935645146
"1071",268,2,0.800694182760758
"1072",268,3,1.78530692403867
"1073",269,0,2.4417154182699
"1074",269,1,1.12889842987637
"1075",269,2,2.11351117115428
"1076",269,3,2.4417154182699
"1077",270,0,0.144285688529533
"1078",270,1,0.800694182760758
"1079",270,2,0.800694182760758
"1080",270,3,0.472489935645146
"1081",271,0,0.472489935645146
"1082",271,1,NA
"1083",271,2,-0.183918558586079
"1084",271,3,0.800694182760758
"1085",272,0,-0.183918558586079
"1086",272,1,-0.183918558586079
"1087",272,2,NA
"1088",272,3,NA
"1089",273,0,-0.183918558586079
"1090",273,1,-0.512122805701691
"1091",273,2,0.144285688529533
"1092",273,3,0.472489935645146
"1093",274,0,0.472489935645146
"1094",274,1,NA
"1095",274,2,0.144285688529533
"1096",274,3,1.12889842987637
"1097",275,0,0.472489935645146
"1098",275,1,1.78530692403867
"1099",275,2,1.45710267692306
"1100",275,3,1.78530692403867
"1101",276,0,0.800694182760758
"1102",276,1,1.45710267692306
"1103",276,2,0.800694182760758
"1104",276,3,0.800694182760758
"1105",277,0,0.144285688529533
"1106",277,1,-0.512122805701691
"1107",277,2,-1.16853129993292
"1108",277,3,-1.16853129993292
"1109",278,0,0.144285688529533
"1110",278,1,0.800694182760758
"1111",278,2,1.12889842987637
"1112",278,3,1.78530692403867
"1113",279,0,0.472489935645146
"1114",279,1,0.144285688529533
"1115",279,2,0.800694182760758
"1116",279,3,-1.82493979416414
"1117",280,0,0.144285688529533
"1118",280,1,0.472489935645146
"1119",280,2,-0.512122805701691
"1120",280,3,0.800694182760758
"1121",281,0,0.144285688529533
"1122",281,1,0.800694182760758
"1123",281,2,1.12889842987637
"1124",281,3,0.800694182760758
"1125",282,0,1.78530692403867
"1126",282,1,3.09812391250112
"1127",282,2,2.11351117115428
"1128",282,3,1.78530692403867
"1129",283,0,0.800694182760758
"1130",283,1,2.11351117115428
"1131",283,2,1.45710267692306
"1132",283,3,1.45710267692306
"1133",284,0,0.144285688529533
"1134",284,1,-0.840327052817303
"1135",284,2,-1.16853129993292
"1136",284,3,-0.840327052817303
"1137",285,0,0.800694182760758
"1138",285,1,1.12889842987637
"1139",285,2,1.45710267692306
"1140",285,3,0.800694182760758
"1141",286,0,1.78530692403867
"1142",286,1,2.11351117115428
"1143",286,2,2.11351117115428
"1144",286,3,0.472489935645146
"1145",287,0,0.800694182760758
"1146",287,1,1.12889842987637
"1147",287,2,-1.49673554704853
"1148",287,3,1.12889842987637
"1149",288,0,-0.512122805701691
"1150",288,1,-0.512122805701691
"1151",288,2,-0.183918558586079
"1152",288,3,0.144285688529533
"1153",289,0,0.144285688529533
"1154",289,1,-0.512122805701691
"1155",289,2,1.78530692403867
"1156",289,3,1.78530692403867
"1157",290,0,0.800694182760758
"1158",290,1,-0.183918558586079
"1159",290,2,-0.512122805701691
"1160",290,3,-0.183918558586079
"1161",291,0,-0.512122805701691
"1162",291,1,0.144285688529533
"1163",291,2,-1.49673554704853
"1164",291,3,0.472489935645146
"1165",292,0,0.800694182760758
"1166",292,1,1.45710267692306
"1167",292,2,0.800694182760758
"1168",292,3,1.12889842987637
"1169",293,0,0.144285688529533
"1170",293,1,-0.512122805701691
"1171",293,2,-0.183918558586079
"1172",293,3,-0.840327052817303
"1173",294,0,1.12889842987637
"1174",294,1,2.11351117115428
"1175",294,2,1.45710267692306
"1176",294,3,1.78530692403867
"1177",295,0,0.472489935645146
"1178",295,1,0.800694182760758
"1179",295,2,1.45710267692306
"1180",295,3,NA
"1181",296,0,0.800694182760758
"1182",296,1,2.11351117115428
"1183",296,2,1.12889842987637
"1184",296,3,1.12889842987637
"1185",297,0,-1.16853129993292
"1186",297,1,-0.183918558586079
"1187",297,2,-0.183918558586079
"1188",297,3,1.12889842987637
"1189",298,0,-1.16853129993292
"1190",298,1,-0.183918558586079
"1191",298,2,0.144285688529533
"1192",298,3,-0.183918558586079
"1193",299,0,0.472489935645146
"1194",299,1,0.800694182760758
"1195",299,2,1.12889842987637
"1196",299,3,2.76991966538551
"1197",300,0,1.45710267692306
"1198",300,1,2.76991966538551
"1199",300,2,1.12889842987637
"1200",300,3,NA
"1201",301,0,0.144285688529533
"1202",301,1,1.78530692403867
"1203",301,2,1.78530692403867
"1204",301,3,NA
"1205",302,0,2.11351117115428
"1206",302,1,1.12889842987637
"1207",302,2,2.76991966538551
"1208",302,3,0.472489935645146
"1209",303,0,2.76991966538551
"1210",303,1,0.800694182760758
"1211",303,2,1.12889842987637
"1212",303,3,-1.16853129993292
"1213",304,0,0.144285688529533
"1214",304,1,1.12889842987637
"1215",304,2,-0.512122805701691
"1216",304,3,-0.183918558586079
"1217",305,0,-0.840327052817303
"1218",305,1,-1.82493979416414
"1219",305,2,-0.840327052817303
"1220",305,3,-2.15314404121083
"1221",306,0,-0.183918558586079
"1222",306,1,-0.840327052817303
"1223",306,2,2.4417154182699
"1224",306,3,0.144285688529533
"1225",307,0,1.12889842987637
"1226",307,1,3.09812391250112
"1227",307,2,1.78530692403867
"1228",307,3,NA
"1229",308,0,0.472489935645146
"1230",308,1,1.45710267692306
"1231",308,2,2.76991966538551
"1232",308,3,0.472489935645146
"1233",309,0,1.78530692403867
"1234",309,1,1.45710267692306
"1235",309,2,1.45710267692306
"1236",309,3,1.12889842987637
"1237",310,0,0.800694182760758
"1238",310,1,1.12889842987637
"1239",310,2,1.12889842987637
"1240",310,3,1.45710267692306
"1241",311,0,0.472489935645146
"1242",311,1,0.472489935645146
"1243",311,2,1.45710267692306
"1244",311,3,1.78530692403867
"1245",312,0,2.4417154182699
"1246",312,1,2.11351117115428
"1247",312,2,1.78530692403867
"1248",312,3,1.45710267692306
"1249",313,0,-0.183918558586079
"1250",313,1,-1.49673554704853
"1251",313,2,0.800694182760758
"1252",313,3,0.800694182760758
"1253",314,0,0.800694182760758
"1254",314,1,1.12889842987637
"1255",314,2,NA
"1256",314,3,0.472489935645146
"1257",315,0,0.144285688529533
"1258",315,1,0.800694182760758
"1259",315,2,-0.183918558586079
"1260",315,3,1.12889842987637
"1261",316,0,0.800694182760758
"1262",316,1,0.800694182760758
"1263",316,2,1.45710267692306
"1264",316,3,1.45710267692306
"1265",317,0,0.800694182760758
"1266",317,1,-0.840327052817303
"1267",317,2,-0.183918558586079
"1268",317,3,0.144285688529533
"1269",318,0,-0.840327052817303
"1270",318,1,0.800694182760758
"1271",318,2,0.800694182760758
"1272",318,3,NA
"1273",319,0,0.144285688529533
"1274",319,1,1.12889842987637
"1275",319,2,-0.183918558586079
"1276",319,3,0.472489935645146
"1277",320,0,0.144285688529533
"1278",320,1,-0.512122805701691
"1279",320,2,-0.840327052817303
"1280",320,3,-0.183918558586079
"1281",321,0,1.45710267692306
"1282",321,1,1.12889842987637
"1283",321,2,0.800694182760758
"1284",321,3,0.800694182760758
"1285",322,0,0.800694182760758
"1286",322,1,1.78530692403867
"1287",322,2,2.11351117115428
"1288",322,3,1.12889842987637
"1289",323,0,1.12889842987637
"1290",323,1,1.12889842987637
"1291",323,2,1.12889842987637
"1292",323,3,1.78530692403867
"1293",324,0,0.144285688529533
"1294",324,1,1.78530692403867
"1295",324,2,1.45710267692306
"1296",324,3,2.4417154182699
"1297",325,0,-0.183918558586079
"1298",325,1,-1.49673554704853
"1299",325,2,0.800694182760758
"1300",325,3,-1.49673554704853
"1301",326,0,0.800694182760758
"1302",326,1,NA
"1303",326,2,1.12889842987637
"1304",326,3,1.78530692403867
"1305",327,0,-0.512122805701691
"1306",327,1,-0.183918558586079
"1307",327,2,-0.840327052817303
"1308",327,3,-0.512122805701691
"1309",328,0,0.800694182760758
"1310",328,1,0.800694182760758
"1311",328,2,3.09812391250112
"1312",328,3,3.09812391250112
"1313",329,0,0.472489935645146
"1314",329,1,0.472489935645146
"1315",329,2,0.472489935645146
"1316",329,3,1.12889842987637
"1317",330,0,-0.840327052817303
"1318",330,1,-1.16853129993292
"1319",330,2,-0.183918558586079
"1320",330,3,0.800694182760758
"1321",331,0,0.800694182760758
"1322",331,1,0.800694182760758
"1323",331,2,0.800694182760758
"1324",331,3,1.45710267692306
"1325",332,0,2.11351117115428
"1326",332,1,1.12889842987637
"1327",332,2,0.800694182760758
"1328",332,3,1.78530692403867
"1329",333,0,0.472489935645146
"1330",333,1,1.45710267692306
"1331",333,2,0.800694182760758
"1332",333,3,-0.183918558586079
"1333",334,0,0.472489935645146
"1334",334,1,1.45710267692306
"1335",334,2,0.472489935645146
"1336",334,3,0.472489935645146
"1337",335,0,1.45710267692306
"1338",335,1,0.144285688529533
"1339",335,2,0.472489935645146
"1340",335,3,0.800694182760758
"1341",336,0,0.472489935645146
"1342",336,1,2.4417154182699
"1343",336,2,0.472489935645146
"1344",336,3,1.12889842987637
"1345",337,0,0.144285688529533
"1346",337,1,0.472489935645146
"1347",337,2,0.144285688529533
"1348",337,3,NA
"1349",338,0,0.800694182760758
"1350",338,1,0.800694182760758
"1351",338,2,0.472489935645146
"1352",338,3,-0.183918558586079
"1353",339,0,1.78530692403867
"1354",339,1,1.12889842987637
"1355",339,2,1.45710267692306
"1356",339,3,0.800694182760758
"1357",340,0,-1.16853129993292
"1358",340,1,-0.183918558586079
"1359",340,2,-0.183918558586079
"1360",340,3,-0.840327052817303
"1361",341,0,1.78530692403867
"1362",341,1,2.11351117115428
"1363",341,2,2.4417154182699
"1364",341,3,2.11351117115428
"1365",342,0,1.78530692403867
"1366",342,1,2.76991966538551
"1367",342,2,2.11351117115428
"1368",342,3,1.45710267692306
